"","node","feature ID","degree","betweenness","closeness","data_type","community","Domain","Phylum","Class","Order","Family","Genus","Species","mean_abundance","mean_abundance_ranking"
"1",1,"d0ab2c15400fe710288526c9a33083fb",9,0.0241791168526981,0.331619537275064,"Microbial Taxa",1,"d__Bacteria","p__Firmicutes","c__Bacilli","o__Lactobacillales","f__Streptococcaceae","g__Streptococcus","s__Streptococcus_pneumoniae",0.0796296664015436,1
"2",2,"21b04aaabca0f92a5ba0a0b2eaa31aea",8,0.0109158527158678,0.354883081155433,"Microbial Taxa",2,"d__Bacteria","p__Bacteroidetes","c__Bacteroidia","o__Bacteroidales","f__Prevotellaceae","g__Prevotella_7","s__Prevotella_7_unclassified",0.0593542359686947,2
"3",3,"0b0a4bdddb823efeb9984bf862fe81f8",32,0.0721558104985532,0.41747572815534,"Microbial Taxa",2,"d__Bacteria","p__Firmicutes","c__Negativicutes","o__Selenomonadales","f__Veillonellaceae","g__Veillonella","s__Veillonella_unclassified",0.056886098352224,3
"4",4,"c13359a9f895b1a2b9fcf49ceaea0e8a",17,0.0206757981329602,0.370157819225251,"Microbial Taxa",3,"d__Bacteria","p__Proteobacteria","c__Gammaproteobacteria","o__Pasteurellales","f__Pasteurellaceae","g__Haemophilus","s__uncultured_Haemophilus_sp.",0.033163154059929,4
"5",5,"0c870b228c94b71c91663a829ef6f119",10,0.00975615739847444,0.339920948616601,"Microbial Taxa",2,"d__Bacteria","p__Bacteroidetes","c__Bacteroidia","o__Bacteroidales","f__Prevotellaceae","g__Prevotella_7","s__Prevotella_7_unclassified",0.024771304925362,5
"6",8,"91eadffc47a7950a37aae47e5e289b92",11,0.00680485735009048,0.370689655172414,"Microbial Taxa",2,"d__Bacteria","p__Proteobacteria","c__Gammaproteobacteria","o__Betaproteobacteriales","f__Neisseriaceae","g__Neisseria","s__Neisseria_unclassified",0.016006251376778,6
"7",9,"e73c0fa69ad4221f822e2e5dcb920e76",32,0.0859426931481401,0.42504118616145,"Microbial Taxa",3,"d__Bacteria","p__Fusobacteria","c__Fusobacteriia","o__Fusobacteriales","f__Fusobacteriaceae","g__Fusobacterium","s__Fusobacterium_unclassified",0.0140413824297134,7
"8",10,"35791f882ef8d2b3177ac86ac87889b7",6,0.00418850079854778,0.327827191867853,"Microbial Taxa",4,"d__Bacteria","p__Bacteroidetes","c__Bacteroidia","o__Bacteroidales","f__Prevotellaceae","g__Prevotella_7","s__Prevotella_7_unclassified",0.0134297140225654,8
"9",11,"31b892624d1cb2eea6f31f253f272ee6",17,0.0359115242137817,0.368571428571429,"Microbial Taxa",2,"d__Bacteria","p__Bacteroidetes","c__Bacteroidia","o__Bacteroidales","f__Prevotellaceae","g__Prevotella_7","s__Prevotella_7_unclassified",0.0130942017948627,9
"10",12,"f09843a3273d3ed61bd33d7d5180302f",8,0.00247292730531996,0.3359375,"Microbial Taxa",2,"d__Bacteria","p__Bacteroidetes","c__Bacteroidia","o__Bacteroidales","f__Prevotellaceae","g__Prevotella_6","s__Prevotella_6_unclassified",0.0124527171714584,10
"11",13,"0df94e423697e55c9f11b631a661f242",5,0.00189160768717727,0.294857142857143,"Microbial Taxa",4,"d__Bacteria","p__Proteobacteria","c__Gammaproteobacteria","o__Betaproteobacteriales","f__Neisseriaceae","g__Neisseria","s__Neisseria_unclassified",0.0101449331565911,17
"12",14,"22e08646a28fd92f3b5f917d15775428",7,0.00672585486316022,0.340369393139842,"Microbial Taxa",2,"d__Bacteria","p__Bacteroidetes","c__Bacteroidia","o__Bacteroidales","f__Prevotellaceae","g__Alloprevotella","s__Alloprevotella_unclassified",0.0119875454296405,11
"13",15,"7dbc4080fe843f76995d2773a38a5b8f",8,0.0370969983971047,0.358831710709319,"Microbial Taxa",1,"d__Bacteria","p__Firmicutes","c__Bacilli","o__Lactobacillales","f__Carnobacteriaceae","g__Trichococcus","s__uncultured_Trichococcus_sp.",0.0111379146480388,12
"14",16,"5f323b564b39396cdd783f4cd00e9c82",1,0,0.264344262295082,"Microbial Taxa",1,"d__Bacteria","p__Firmicutes","c__Bacilli","o__Lactobacillales","f__Streptococcaceae","g__Streptococcus","s__uncultured_Streptococcus_sp.",0.0110665329639868,13
"15",17,"a5bd85f6c3b255b5c6b24e6edea3f328",21,0.0310795574478679,0.39209726443769,"Microbial Taxa",3,"d__Bacteria","p__Firmicutes","c__Bacilli","o__Lactobacillales","f__Streptococcaceae","g__Streptococcus","s__Streptococcus_parasanguinis",0.0104961057604516,15
"16",18,"10dd1f55cc07d1f69a94d0643bce4ae2",10,0.00521016697673776,0.352459016393443,"Microbial Taxa",3,"d__Bacteria","p__Actinobacteria","c__Actinobacteria","o__Micrococcales","f__Micrococcaceae","g__Rothia","s__Rothia_mucilaginosa",0.0103197447355647,16
"17",19,"f0bde2f54893276b9ba2239c532b706a",16,0.019136784172169,0.377745241581259,"Microbial Taxa",3,"d__Bacteria","p__Firmicutes","c__Bacilli","o__Lactobacillales","f__Streptococcaceae","g__Streptococcus","s__Streptococcus_unclassified",0.0107124563460742,14
"18",20,"28f6725fd27d82c88d036b99af9e7351",13,0.0134186193123908,0.313487241798299,"Microbial Taxa",5,"d__Bacteria","p__Firmicutes","c__Negativicutes","o__Selenomonadales","f__Veillonellaceae","g__Veillonella","s__Veillonella_unclassified",0.00761713630758168,20
"19",22,"9989522015ac9ad21420cd95593a48c3",5,0.00443762335030422,0.292185730464326,"Microbial Taxa",1,"d__Bacteria","p__Bacteroidetes","c__Bacteroidia","o__Bacteroidales","f__Prevotellaceae","g__Prevotella_7","s__Prevotella_7_unclassified",0.00854018866992052,18
"20",23,"5794c25923a041a1314b056acd81f74a",1,0,0.267357512953368,"Microbial Taxa",3,"d__Bacteria","p__Proteobacteria","c__Gammaproteobacteria","o__Betaproteobacteriales","f__Neisseriaceae","g__Neisseria","s__Neisseria_unclassified",0.00615821468962973,28
"21",24,"25d8aa4328b5f3e3709359b5ae2c800c",16,0.0171957226293076,0.358831710709319,"Microbial Taxa",3,"d__Bacteria","p__Bacteroidetes","c__Bacteroidia","o__Bacteroidales","f__Porphyromonadaceae","g__Porphyromonas","s__Porphyromonas_unclassified",0.0071464452153831,23
"22",25,"3b8ab1e0d4d6d2df54158bbab123cbdb",4,0.0149296462589128,0.274176408076514,"Microbial Taxa",5,"d__Bacteria","p__Proteobacteria","c__Gammaproteobacteria","o__Pasteurellales","f__Pasteurellaceae","g__Haemophilus","s__Haemophilus_sp._CCUG_44661",0.00689352755763128,24
"23",26,"a2ce31d4cf96c2fe3f443de9433ac3c6",10,0.0141591665069259,0.348178137651822,"Microbial Taxa",2,"d__Bacteria","p__Epsilonbacteraeota","c__Campylobacteria","o__Campylobacterales","f__Campylobacteraceae","g__Campylobacter","s__Campylobacter_unclassified",0.00749298604143205,21
"24",27,"83bfa98d28fff4f4001015f751bc8338",4,0.0003959327832068,0.316953316953317,"Microbial Taxa",3,"d__Bacteria","p__Proteobacteria","c__Gammaproteobacteria","o__Betaproteobacteriales","f__Neisseriaceae","g__Neisseria","s__Neisseria_unclassified",0.00805052115593097,19
"25",28,"5f607b11ca505f8da3e93703698998cf",7,0.0026665236347189,0.329923273657289,"Microbial Taxa",3,"d__Bacteria","p__Bacteroidetes","c__Bacteroidia","o__Bacteroidales","f__Prevotellaceae","g__Prevotella","s__Prevotella_nanceiensis",0.00717506068796507,22
"26",29,"9b197d0503953254acf5c4925c8abedc",10,0.00976973691870385,0.355862068965517,"Microbial Taxa",3,"d__Bacteria","p__Bacteroidetes","c__Bacteroidia","o__Bacteroidales","f__Porphyromonadaceae","g__Porphyromonas","s__uncultured_Porphyromonas_sp.",0.00667004058311342,25
"27",30,"a1c6504e8981cc8645a7f588e5f8408c",3,0.00183917329500133,0.293849658314351,"Microbial Taxa",1,"d__Bacteria","p__Firmicutes","c__Bacilli","o__Bacillales","f__Family_XI","g__Gemella","s__Gemella_unclassified",0.00632085959764541,27
"28",31,"eae583b93b4f17caf4bdcc66c16fa257",4,0.00043717827815449,0.29757785467128,"Microbial Taxa",2,"d__Bacteria","p__Bacteroidetes","c__Bacteroidia","o__Bacteroidales","f__Prevotellaceae","g__Prevotella_7","s__Prevotella_7_unclassified",0.00634706492147582,26
"29",32,"46f5c34a270f9277a45c08af86c6d3ea",1,0,1,"Microbial Taxa",6,"d__Bacteria","p__Proteobacteria","c__Gammaproteobacteria","o__Pasteurellales","f__Pasteurellaceae","g__Actinobacillus","s__Actinobacillus_unclassified",0.00583458783996577,29
"30",33,"4596aa39da359337fad3f7e3b3d3c8df",6,0.00494257100002241,0.33419689119171,"Microbial Taxa",2,"d__Bacteria","p__Bacteroidetes","c__Bacteroidia","o__Bacteroidales","f__Prevotellaceae","g__Prevotella","s__Prevotella_unclassified",0.00568607729895905,30
"31",34,"d820d30c7edb23f98124ec3c43f32c0a",3,0.00103525757005017,0.271008403361345,"Microbial Taxa",2,"d__Bacteria","p__Bacteroidetes","c__Bacteroidia","o__Bacteroidales","f__Prevotellaceae","g__Prevotella","s__uncultured_Prevotella_sp.",0.00565660748552878,31
"32",35,"5a363ca433e6426ed3252fd620f36f80",1,0,0.253937007874016,"Microbial Taxa",3,"d__Bacteria","p__Proteobacteria","c__Gammaproteobacteria","o__Pasteurellales","f__Pasteurellaceae","g__Haemophilus","s__Haemophilus_haemolyticus",0.00511051932851896,33
"33",36,"da7b3c938a99ded6db6aebf9771a985d",12,0.00843650769647026,0.340369393139842,"Microbial Taxa",5,"d__Bacteria","p__Actinobacteria","c__Actinobacteria","o__Micrococcales","f__Micrococcaceae","g__Rothia","s__Rothia_dentocariosa",0.0051027811227755,34
"34",37,"d275740dc2049205f134098fc5c9a8fc",1,0,0.2,"Microbial Taxa",1,"d__Bacteria","p__Firmicutes","c__Bacilli","o__Lactobacillales","f__Streptococcaceae","g__Streptococcus","s__uncultured_Streptococcus_sp.",0.00493987361727585,36
"35",38,"0d12878a3e00449298328dee2d70e1f5",4,0.00135884949778512,0.314250913520097,"Microbial Taxa",3,"d__Bacteria","p__Proteobacteria","c__Gammaproteobacteria","o__Pasteurellales","f__Pasteurellaceae","g__Haemophilus","s__Haemophilus_sp._HGH0297",0.00551838345902084,32
"36",39,"0e86d47168e5c995f8990779c9c5b51a",24,0.0299381326735918,0.386806596701649,"Microbial Taxa",3,"d__Bacteria","p__Firmicutes","c__Negativicutes","o__Selenomonadales","f__Veillonellaceae","g__Veillonella","s__Veillonella_unclassified",0.00509586197051178,35
"37",40,"a447268a2d8ec140e0d39af7e8fedd8c",9,0.00656720510335401,0.344919786096257,"Microbial Taxa",3,"d__Bacteria","p__Bacteroidetes","c__Bacteroidia","o__Bacteroidales","f__Porphyromonadaceae","g__Porphyromonas","s__uncultured_Porphyromonas_sp.",0.00448292007539943,42
"38",41,"d5fdbb2924288ee9a63a8e2ef02b3d3b",20,0.0552071302410972,0.38796992481203,"Microbial Taxa",2,"d__Bacteria","p__Patescibacteria","c__Saccharimonadia","o__Saccharimonadales","f__Saccharimonadaceae","g__Saccharimonadaceae_unclassified","s__Saccharimonadaceae_unclassified",0.0045376920065756,40
"39",42,"00ea5b1ebd4edfd292b9ab1e22636e64",5,0.00237128288420357,0.322903629536921,"Microbial Taxa",3,"d__Bacteria","p__Firmicutes","c__Negativicutes","o__Selenomonadales","f__Veillonellaceae","g__Veillonella","s__Veillonella_unclassified",0.00453094610601347,41
"40",43,"8ac4bd04828ef531acaf8ab979578978",10,0.00693243929175801,0.351020408163265,"Microbial Taxa",2,"d__Bacteria","p__Actinobacteria","c__Coriobacteriia","o__Coriobacteriales","f__Atopobiaceae","g__Atopobium","s__uncultured_Atopobium_sp.",0.00477696422075769,37
"41",44,"11cb27acf792e26b2965c470e555b8ba",8,0.00825632203876901,0.356846473029046,"Microbial Taxa",2,"d__Bacteria","p__Firmicutes","c__Clostridia","o__Clostridiales","f__Lachnospiraceae","g__Oribacterium","s__uncultured_Oribacterium_sp.",0.00454891936115542,39
"42",45,"cb61b7361f8474faf2dd863ef232432c",5,0.0014826463969669,0.324120603015075,"Microbial Taxa",2,"d__Bacteria","p__Proteobacteria","c__Gammaproteobacteria","o__Betaproteobacteriales","f__Neisseriaceae","g__Neisseria","s__Neisseria_unclassified",0.00447339218254055,43
"43",46,"100e42177aef80a479069abee89e4183",26,0.0425821996379719,0.406940063091483,"Microbial Taxa",3,"d__Bacteria","p__Firmicutes","c__Negativicutes","o__Selenomonadales","f__Veillonellaceae","g__Veillonella","s__Veillonella_unclassified",0.00434542396749132,44
"44",47,"b36173d8d6b6ec133ab9374feeb60973",4,0.00063448072419143,0.310469314079422,"Microbial Taxa",2,"d__Bacteria","p__Actinobacteria","c__Coriobacteriia","o__Coriobacteriales","f__Atopobiaceae","g__Atopobium","s__Atopobium_unclassified",0.00462652546162377,38
"45",48,"cb4b2fbb9195bd36b723b192b08f7a33",16,0.0151773954168683,0.366998577524893,"Microbial Taxa",2,"d__Bacteria","p__Firmicutes","c__Negativicutes","o__Selenomonadales","f__Veillonellaceae","g__Megasphaera","s__Megasphaera_unclassified",0.00409714378583533,46
"46",49,"0970db89ab439ac61d73c3364acbe6cc",7,0.00195685365205885,0.347708894878706,"Microbial Taxa",2,"d__Bacteria","p__Firmicutes","c__Clostridia","o__Clostridiales","f__Family_XIII","g__Eubacterium]_nodatum_group","s__Eubacterium]_nodatum_group_unclassified",0.00406254616468037,47
"47",50,"81cca0c8514c3c4a389e2279501f7415",6,0.00293963021660012,0.339920948616601,"Microbial Taxa",3,"d__Bacteria","p__Bacteroidetes","c__Bacteroidia","o__Bacteroidales","f__Prevotellaceae","g__Prevotella","s__Prevotella_nanceiensis",0.00398317810016753,49
"48",51,"becd8488d5c722efbb395eea7aa2b7a2",10,0.024379000290066,0.339920948616601,"Microbial Taxa",3,"d__Bacteria","p__Firmicutes","c__Bacilli","o__Lactobacillales","f__Aerococcaceae","g__Abiotrophia","s__uncultured_Abiotrophia_sp.",0.0040103600603339,48
"49",52,"122996e5ab94e779e87b3d84e0ab3371",14,0.0171481248987337,0.368571428571429,"Microbial Taxa",3,"d__Bacteria","p__Firmicutes","c__Clostridia","o__Clostridiales","f__Peptostreptococcaceae","g__Peptostreptococcus","s__Peptostreptococcus_unclassified",0.00420192608174544,45
"50",53,"cb6e17150d6ca988c474eb2a84f7e039",5,0.00200619473029916,0.284454244762955,"Microbial Taxa",1,"d__Bacteria","p__Bacteroidetes","c__Bacteroidia","o__Bacteroidales","f__Prevotellaceae","g__Prevotella_7","s__Prevotella_7_unclassified",0.00374167529682642,52
"51",54,"dfbc0bf32634881a60d90da9d6dd53bc",7,0.00781793590461862,0.321295143212951,"Microbial Taxa",2,"d__Bacteria","p__Firmicutes","c__Negativicutes","o__Selenomonadales","f__Veillonellaceae","g__Megasphaera","s__Megasphaera_unclassified",0.00398195400124903,50
"52",55,"6097c1628dbe4a5b21a6fd053612a412",16,0.0236062483487106,0.379411764705882,"Microbial Taxa",2,"d__Bacteria","p__Firmicutes","c__Negativicutes","o__Selenomonadales","f__Veillonellaceae","g__Megasphaera","s__Megasphaera_unclassified",0.00377494896000219,51
"53",56,"2340d0ea6fd3c3b065699140a3726319",3,0.00010153647228684,0.29757785467128,"Microbial Taxa",3,"d__Bacteria","p__Actinobacteria","c__Actinobacteria","o__Micrococcales","f__Micrococcaceae","g__Rothia","s__Rothia_mucilaginosa",0.00369987562552525,53
"54",57,"c46f6aed459223ef41f57017ec797d41",27,0.0514245056232875,0.403125,"Microbial Taxa",2,"d__Bacteria","p__Firmicutes","c__Clostridia","o__Clostridiales","f__Lachnospiraceae","g__Lachnoanaerobaculum","s__Lachnoanaerobaculum_unclassified",0.00349065618432108,55
"55",58,"5809c15976c599adbbea647077c66355",4,3.03191364875015e-05,0.301050175029172,"Microbial Taxa",3,"d__Bacteria","p__Proteobacteria","c__Gammaproteobacteria","o__Pasteurellales","f__Pasteurellaceae","g__Haemophilus","s__Haemophilus_parainfluenzae",0.00353862966504472,54
"56",59,"c84058269dd9d2ad22ecd239c7427d7b",10,0.00436144536258551,0.351978171896317,"Microbial Taxa",3,"d__Bacteria","p__Firmicutes","c__Bacilli","o__Lactobacillales","f__Streptococcaceae","g__Streptococcus","s__Streptococcus_parasanguinis",0.00345648351362988,56
"57",61,"0778d0e8ee3ab90800b43439d1b1fdf5",10,0.00842919767258333,0.364406779661017,"Microbial Taxa",2,"d__Bacteria","p__Fusobacteria","c__Fusobacteriia","o__Fusobacteriales","f__Leptotrichiaceae","g__Leptotrichia","s__uncultured_Leptotrichia_sp.",0.00318490069414147,57
"58",62,"69b811578880097e67b5989581e7033d",4,0.00098517199666135,0.323713927227102,"Microbial Taxa",2,"d__Bacteria","p__Bacteroidetes","c__Bacteroidia","o__Bacteroidales","f__Prevotellaceae","g__Prevotella_6","s__Prevotella_6_unclassified",0.00299449075025485,58
"59",63,"70c8539c58e20ab0f0e65a074936db52",5,0.00079050005400359,0.306777645659929,"Microbial Taxa",3,"d__Bacteria","p__Actinobacteria","c__Actinobacteria","o__Micrococcales","f__Micrococcaceae","g__Rothia","s__Rothia_mucilaginosa",0.00295656836325609,59
"60",64,"df0d5a8da67de6f0cfbbede6cc731491",3,0.00073805906063451,0.297235023041475,"Microbial Taxa",1,"d__Bacteria","p__Bacteroidetes","c__Bacteroidia","o__Bacteroidales","f__Prevotellaceae","g__Prevotella_7","s__Prevotella_7_unclassified",0.00289559286630281,60
"61",65,"994d6bb787282e16ab078f43fb5e077d",26,0.0296566126448596,0.393292682926829,"Microbial Taxa",3,"d__Bacteria","p__Firmicutes","c__Clostridia","o__Clostridiales","f__Family_XI","g__Parvimonas","s__Parvimonas_unclassified",0.00269223554712684,62
"62",66,"ce258184714a4fba0407757c17687029",19,0.0205530142545873,0.361851332398317,"Microbial Taxa",3,"d__Bacteria","p__Patescibacteria","c__Gracilibacteria","o__Absconditabacteriales_(SR1)","f__Absconditabacteriales_(SR1)_unclassified","g__Absconditabacteriales_(SR1)_unclassified","s__Absconditabacteriales_(SR1)_unclassified",0.00261558268800493,63
"63",67,"e39a13e3ddcb2a2f4ae2c8975fce0c1f",2,0,0.269874476987448,"Microbial Taxa",3,"d__Bacteria","p__Proteobacteria","c__Gammaproteobacteria","o__Pasteurellales","f__Pasteurellaceae","g__Haemophilus","s__Haemophilus_sp._HFH0072",0.00287595531858766,61
"64",68,"98e1023db5643c3eff2d5488014539eb",8,0.00567872192733076,0.319306930693069,"Microbial Taxa",4,"d__Bacteria","p__Proteobacteria","c__Gammaproteobacteria","o__Pasteurellales","f__Pasteurellaceae","g__Aggregatibacter","s__uncultured_Aggregatibacter_sp.",0.00220675418353934,71
"65",70,"ab4225c333dd7fa7a88bcf77002681f1",6,0.00064391669801405,0.326169405815424,"Microbial Taxa",3,"d__Bacteria","p__Firmicutes","c__Negativicutes","o__Selenomonadales","f__Veillonellaceae","g__Veillonella","s__Veillonella_unclassified",0.00225594366780368,69
"66",71,"223f1edcbe166794e69f4b97aa812d17",19,0.027683449615992,0.38109305760709,"Microbial Taxa",2,"d__Bacteria","p__Firmicutes","c__Clostridia","o__Clostridiales","f__Lachnospiraceae","g__Oribacterium","s__uncultured_Oribacterium_sp.",0.00246392144301148,65
"67",72,"dd59ed4328f6a51da2019387b881acbd",7,0.00319199195217193,0.30034924330617,"Microbial Taxa",5,"d__Bacteria","p__Firmicutes","c__Bacilli","o__Lactobacillales","f__Streptococcaceae","g__Streptococcus","s__Streptococcus_mitis",0.00185552053503938,79
"68",73,"211fb45d51561445a9856e53bd3eac29",8,0.00351695318156487,0.340369393139842,"Microbial Taxa",2,"d__Bacteria","p__Proteobacteria","c__Gammaproteobacteria","o__Pasteurellales","f__Pasteurellaceae","g__Haemophilus","s__uncultured_Haemophilus_sp.",0.00238426337960285,67
"69",74,"56ff9a68358a7384dd9f598cf7bd53f6",1,0,0.262729124236253,"Microbial Taxa",3,"d__Bacteria","p__Proteobacteria","c__Gammaproteobacteria","o__Pasteurellales","f__Pasteurellaceae","g__Haemophilus","s__Haemophilus_unclassified",0.00252192115743931,64
"70",75,"23d838b98ce16a9b06439db55bdce0fa",6,0.00159222001230233,0.358333333333333,"Microbial Taxa",3,"d__Bacteria","p__Bacteroidetes","c__Bacteroidia","o__Bacteroidales","f__Porphyromonadaceae","g__Porphyromonas","s__uncultured_Porphyromonas_sp.",0.00245278157184517,66
"71",76,"cad04f02a8fa573d567c2dc4e107d329",8,0.00517960722936159,0.324120603015075,"Microbial Taxa",5,"d__Bacteria","p__Firmicutes","c__Negativicutes","o__Selenomonadales","f__Veillonellaceae","g__Veillonella","s__Veillonella_unclassified",0.0018018223845056,80
"72",77,"b1ec8ace92c078b29dcfebe3cb8abcb7",14,0.00662913764444764,0.362869198312236,"Microbial Taxa",3,"d__Bacteria","p__Firmicutes","c__Clostridia","o__Clostridiales","f__Lachnospiraceae","g__Lachnoanaerobaculum","s__Lachnoanaerobaculum_unclassified",0.00238391442509621,68
"73",78,"2952a9bfc9933977c18631ea7a12e812",9,0.010529639697805,0.358831710709319,"Microbial Taxa",1,"d__Bacteria","p__Firmicutes","c__Bacilli","o__Lactobacillales","f__Streptococcaceae","g__Streptococcus","s__Streptococcus_cristatus",0.00208866759276163,74
"74",79,"f93a2e43844030dbd1245f8e3d4fe842",10,0.00947488981026281,0.363892806770099,"Microbial Taxa",2,"d__Bacteria","p__Actinobacteria","c__Actinobacteria","o__Actinomycetales","f__Actinomycetaceae","g__Actinomyces","s__uncultured_Actinomyces_sp.",0.00213835406776477,72
"75",80,"47919ec66f028bca62328f3532e6988b",10,0.00718678712317201,0.319306930693069,"Microbial Taxa",1,"d__Bacteria","p__Bacteroidetes","c__Bacteroidia","o__Bacteroidales","f__Prevotellaceae","g__Prevotella_7","s__Prevotella_7_unclassified",0.00223304485674992,70
"76",81,"ca019d0f1f7206065d11886d91083e31",5,0.00084242745504817,0.301754385964912,"Microbial Taxa",3,"d__Bacteria","p__Bacteroidetes","c__Bacteroidia","o__Bacteroidales","f__Prevotellaceae","g__Prevotella","s__Prevotella_nanceiensis",0.00209287650206325,73
"77",83,"916552006386032e5c8383a1f07a3888",1,0,0.243396226415094,"Microbial Taxa",2,"d__Bacteria","p__Actinobacteria","c__Actinobacteria","o__Micrococcales","f__Micrococcaceae","g__Rothia","s__Rothia_mucilaginosa",0.00186660612888541,77
"78",84,"5e5f0e7b50996cdbb7c3c4bef2b313a3",10,0.0158723130341165,0.361851332398317,"Microbial Taxa",2,"d__Bacteria","p__Firmicutes","c__Negativicutes","o__Selenomonadales","f__Veillonellaceae","g__Selenomonas_3","s__Selenomonas_3_unclassified",0.00194492049981646,75
"79",85,"9277b67339cccee373e1579829bb7f8c",3,0.00082322811078223,0.310096153846154,"Microbial Taxa",3,"d__Bacteria","p__Fusobacteria","c__Fusobacteriia","o__Fusobacteriales","f__Leptotrichiaceae","g__Leptotrichia","s__uncultured_Leptotrichia_sp.",0.0018560048797992,78
"80",86,"845bc52446e4be4241712b703455fa7b",4,0.00045011700730634,0.318125770653514,"Microbial Taxa",2,"d__Bacteria","p__Firmicutes","c__Negativicutes","o__Selenomonadales","f__Veillonellaceae","g__Veillonella","s__Veillonella_unclassified",0.00187122056550313,76
"81",87,"4c27ea8735fc259472f9646eccdf0c02",2,0.00038261094061445,0.26791277258567,"Microbial Taxa",5,"d__Bacteria","p__Proteobacteria","c__Gammaproteobacteria","o__Pasteurellales","f__Pasteurellaceae","g__Haemophilus","s__Haemophilus_parainfluenzae",0.00136181994422359,87
"82",88,"4edf08678027d1fa0b6c1d177caf562c",3,1.3328989070229e-05,0.257742257742258,"Microbial Taxa",5,"d__Bacteria","p__Firmicutes","c__Negativicutes","o__Selenomonadales","f__Veillonellaceae","g__Veillonella","s__Veillonella_unclassified",0.00155047287265357,82
"83",90,"7674477baaf7c8b400d9e942f4cb53cc",6,0.00155543817089467,0.32089552238806,"Microbial Taxa",2,"d__Bacteria","p__Firmicutes","c__Negativicutes","o__Selenomonadales","f__Veillonellaceae","g__Megasphaera","s__Megasphaera_unclassified",0.00150412390503985,83
"84",91,"a005e50d6b7abe0668d1227314373a3f",6,0.00429343807527424,0.318518518518519,"Microbial Taxa",3,"d__Bacteria","p__Firmicutes","c__Bacilli","o__Lactobacillales","f__Streptococcaceae","g__Streptococcus","s__Streptococcus_australis",0.00149111999220207,85
"85",92,"318504d6268f2d6674aa0d9861c9fbb9",11,0.00492010808569445,0.305687203791469,"Microbial Taxa",5,"d__Bacteria","p__Fusobacteria","c__Fusobacteriia","o__Fusobacteriales","f__Fusobacteriaceae","g__Fusobacterium","s__Fusobacterium_unclassified",0.00140840090225571,86
"86",93,"0236240fe07a19cb8a20186c7098a58c",10,0.0019901630540999,0.323308270676692,"Microbial Taxa",3,"d__Bacteria","p__Bacteroidetes","c__Bacteroidia","o__Bacteroidales","f__Prevotellaceae","g__Alloprevotella","s__Alloprevotella_unclassified",0.00131307340925226,90
"87",94,"f278466f3066903bbbbf460c5be12be0",10,0.0073170040043381,0.371223021582734,"Microbial Taxa",3,"d__Bacteria","p__Firmicutes","c__Negativicutes","o__Selenomonadales","f__Veillonellaceae","g__Veillonella","s__Veillonella_unclassified",0.00150212074957534,84
"88",95,"74c764cd57dcb0e8dc8945a1836bdc3a",3,0.00172201676574961,0.243626062322946,"Microbial Taxa",7,"d__Bacteria","p__Proteobacteria","c__Gammaproteobacteria","o__Enterobacteriales","f__Enterobacteriaceae","g__Klebsiella","s__Klebsiella_unclassified",0.00129258216903436,91
"89",96,"bb42fca01a5403b669ee1a84c98eceff",9,0.00766445839396958,0.304604486422668,"Microbial Taxa",1,"d__Bacteria","p__Bacteroidetes","c__Bacteroidia","o__Bacteroidales","f__Prevotellaceae","g__Prevotella_7","s__Prevotella_7_unclassified",0.0015583842453893,81
"90",97,"0b0d8509cc1734bcd2913d824a30373b",15,0.0250708838511362,0.379411764705882,"Microbial Taxa",2,"d__Bacteria","p__Firmicutes","c__Clostridia","o__Clostridiales","f__Lachnospiraceae","g__Catonella","s__uncultured_Catonella_sp.",0.00134066556561338,88
"91",98,"929ea34e321739010c0fa413ded5dfba",9,0.0104278893044441,0.354395604395604,"Microbial Taxa",2,"d__Bacteria","p__Firmicutes","c__Clostridia","o__Clostridiales","f__Ruminococcaceae","g__Ruminococcaceae_UCG-014","s__Ruminococcaceae_UCG-014_unclassified",0.00128039611090264,92
"92",99,"816c3d478ebffd167938153c8dc4faa0",9,0.00974997233084636,0.331193838254172,"Microbial Taxa",4,"d__Bacteria","p__Proteobacteria","c__Gammaproteobacteria","o__Pasteurellales","f__Pasteurellaceae","g__Aggregatibacter","s__Aggregatibacter_unclassified",0.0011586570755228,96
"93",100,"a74ca6070b2d2f0c147a9a4789004bd5",12,0.00937613197415036,0.360839160839161,"Microbial Taxa",3,"d__Bacteria","p__Firmicutes","c__Clostridia","o__Clostridiales","f__Lachnospiraceae","g__Stomatobaculum","s__Stomatobaculum_unclassified",0.00124772893623909,93
"94",101,"ba1ec526efddeab43475680ebe4ff658",4,0.0001991216951995,0.277121374865736,"Microbial Taxa",5,"d__Bacteria","p__Firmicutes","c__Negativicutes","o__Selenomonadales","f__Veillonellaceae","g__Veillonella","s__Veillonella_unclassified",0.00122322965649902,94
"95",102,"dbfa00e64a3c894c18b5418bffdf3a44",23,0.0241045455091389,0.386806596701649,"Microbial Taxa",2,"d__Bacteria","p__Firmicutes","c__Clostridia","o__Clostridiales","f__Lachnospiraceae","g__Stomatobaculum","s__Stomatobaculum_unclassified",0.00131612690213047,89
"96",103,"dbd3cdcbe28436413b600cd599c23d81",1,0,1,"Microbial Taxa",6,"d__Bacteria","p__Proteobacteria","c__Gammaproteobacteria","o__Pasteurellales","f__Pasteurellaceae","g__Actinobacillus","s__Actinobacillus_unclassified",0.00110569429102376,97
"97",104,"f7c3650f627a482ac5252096b16b52ce",9,0.0116812672486872,0.316176470588235,"Microbial Taxa",4,"d__Bacteria","p__Firmicutes","c__Bacilli","o__Lactobacillales","f__Streptococcaceae","g__Streptococcus","s__Streptococcus_parasanguinis",0.000989367358992254,100
"98",105,"fa34051cafc80132dd66ec48b726878a",18,0.0371992775727057,0.39209726443769,"Microbial Taxa",2,"d__Bacteria","p__Firmicutes","c__Clostridia","o__Clostridiales","f__Lachnospiraceae","g__Butyrivibrio_2","s__Butyrivibrio_2_unclassified",0.00098259675946009,101
"99",106,"f3978984be6d31e13744e368e73ebad8",9,0.00906576713464616,0.330345710627401,"Microbial Taxa",2,"d__Bacteria","p__Firmicutes","c__Negativicutes","o__Selenomonadales","f__Veillonellaceae","g__Selenomonas_3","s__Selenomonas_3_unclassified",0.00108242156105158,98
"100",107,"4b1fe0e451b3f021f734f80cabc17710",11,0.0114930547451841,0.322903629536921,"Microbial Taxa",1,"d__Bacteria","p__Bacteroidetes","c__Bacteroidia","o__Bacteroidales","f__Prevotellaceae","g__Prevotella_7","s__Prevotella_7_unclassified",0.00118567075310426,95
"101",108,"b02fed8b6dd33b1d0a54815d9e62d3fd",3,0.00010341519862302,0.303886925795053,"Microbial Taxa",2,"d__Bacteria","p__Firmicutes","c__Bacilli","o__Lactobacillales","f__Streptococcaceae","g__Streptococcus","s__uncultured_Streptococcus_sp.",0.000961563383759478,104
"102",109,"79d8de2cef04ff1f9e6cdc2b1d621b3c",9,0.00289864173815659,0.354395604395604,"Microbial Taxa",3,"d__Bacteria","p__Firmicutes","c__Bacilli","o__Lactobacillales","f__Carnobacteriaceae","g__Granulicatella","s__uncultured_Granulicatella_sp.",0.000965549064075513,102
"103",110,"40e7f8436bd30ef62c3974945e227d48",17,0.0228249083427456,0.361851332398317,"Microbial Taxa",3,"d__Bacteria","p__Patescibacteria","c__Gracilibacteria","o__Absconditabacteriales_(SR1)","f__Absconditabacteriales_(SR1)_unclassified","g__Absconditabacteriales_(SR1)_unclassified","s__Absconditabacteriales_(SR1)_unclassified",0.000964421429552983,103
"104",111,"0e186f839c3ca78d0343f98c579bc09a",3,0.00237529262529045,0.300699300699301,"Microbial Taxa",2,"d__Bacteria","p__Firmicutes","c__Clostridia","o__Clostridiales","f__Family_XIII","g__Eubacterium]_nodatum_group","s__Eubacterium]_nodatum_group_unclassified",0.00102352696170463,99
"105",112,"88b9f6cadaa508b7d5d920021e51228d",2,0.00729181444176479,0.249757986447241,"Microbial Taxa",1,"d__Bacteria","p__Firmicutes","c__Bacilli","o__Bacillales","f__Family_XI","g__Gemella","s__Gemella_unclassified",0.000823841226794233,113
"106",113,"279dd4652e11eb28846651a5b31f2cbb",6,0.00616464847367724,0.320496894409938,"Microbial Taxa",5,"d__Bacteria","p__Firmicutes","c__Negativicutes","o__Selenomonadales","f__Veillonellaceae","g__Veillonella","s__Veillonella_unclassified",0.000806760706477416,116
"107",114,"833a3db306d8d754e8112c606544bffa",5,0.00356584961470039,0.315403422982885,"Microbial Taxa",5,"d__Bacteria","p__Bacteroidetes","c__Bacteroidia","o__Bacteroidales","f__Prevotellaceae","g__Prevotella","s__Prevotella_nigrescens",0.000757349768464037,121
"108",115,"b244a369a8eb02af982535219389ac79",13,0.0216286598703095,0.351978171896317,"Microbial Taxa",4,"d__Bacteria","p__Proteobacteria","c__Betaproteobacteria","o__Neisseriales","f__Neisseriaceae","g__Neisseria","s__Neisseria_elongata",0.000883845187630227,109
"109",116,"1afc334468970fa90c170942faf4a1df",3,1.27677684777983e-05,0.260343087790111,"Microbial Taxa",5,"d__Bacteria","p__Bacteroidetes","c__Bacteroidia","o__Bacteroidales","f__Porphyromonadaceae","g__Porphyromonas","s__uncultured_Porphyromonas_sp.",0.000913245441007311,105
"110",117,"bcacfdff02909d42a9b5d194ec5beb47",15,0.0200312450462081,0.363380281690141,"Microbial Taxa",4,"d__Bacteria","p__Fusobacteria","c__Fusobacteriia","o__Fusobacteriales","f__Fusobacteriaceae","g__Fusobacterium","s__Fusobacterium_unclassified",0.00086054947440937,110
"111",118,"9017a32c55163971f70ddc07d8e278b8",4,0.0024685047368197,0.286348501664817,"Microbial Taxa",4,"d__Bacteria","p__Proteobacteria","c__Gammaproteobacteria","o__Betaproteobacteriales","f__Neisseriaceae","g__Neisseria","s__Neisseria_unclassified",0.000518202025318739,147
"112",119,"e444bb028140ea5497b01c7fc711c316",8,0.00184733725505188,0.318518518518519,"Microbial Taxa",3,"d__Bacteria","p__Bacteroidetes","c__Bacteroidia","o__Flavobacteriales","f__Weeksellaceae","g__Bergeyella","s__Bergeyella_unclassified",0.00081213036881032,115
"113",120,"937e48b30e3713e1c9a508adceb38e41",6,0.0026975519627705,0.296211251435132,"Microbial Taxa",5,"d__Bacteria","p__Bacteroidetes","c__Bacteroidia","o__Bacteroidales","f__Porphyromonadaceae","g__Porphyromonas","s__Porphyromonas_unclassified",0.000890192705232598,107
"114",121,"4b464b838757a1940d7a5809fa401fda",19,0.0263397163687235,0.387387387387387,"Microbial Taxa",3,"d__Bacteria","p__Firmicutes","c__Clostridia","o__Clostridiales","f__Lachnospiraceae","g__Oribacterium","s__Oribacterium_unclassified",0.00089811522581781,106
"115",122,"519523675c0c0853c1203dfef91031ea",11,0.0169922332428235,0.370689655172414,"Microbial Taxa",4,"d__Bacteria","p__Bacteroidetes","c__Bacteroidia","o__Flavobacteriales","f__Flavobacteriaceae","g__Capnocytophaga","s__Capnocytophaga_unclassified",0.000826311000716598,112
"116",123,"de0e167ee4993513f9589cc1f6b75f25",1,0,0.258517034068136,"Microbial Taxa",2,"d__Bacteria","p__Epsilonbacteraeota","c__Campylobacteria","o__Campylobacterales","f__Campylobacteraceae","g__Campylobacter","s__Campylobacter_unclassified",0.000886118458119741,108
"117",124,"4b1f873f0fa4a10ef3cc79e956608860",8,0.00174275377421171,0.348648648648649,"Microbial Taxa",3,"d__Bacteria","p__Fusobacteria","c__Fusobacteriia","o__Fusobacteriales","f__Fusobacteriaceae","g__Fusobacterium","s__uncultured_Fusobacterium_sp.",0.000792439533795643,117
"118",125,"43428eba6a7d1cbcf596d946d1249fd7",6,0.00189249044438149,0.324120603015075,"Microbial Taxa",3,"d__Bacteria","p__Firmicutes","c__Bacilli","o__Bacillales","f__Family_XI","g__Gemella","s__Gemella_unclassified",0.000783022321825232,118
"119",126,"e4c0b28effa6f34ff5fd9928e239b2bf",7,0.00180904909793025,0.341721854304636,"Microbial Taxa",2,"d__Bacteria","p__Firmicutes","c__Negativicutes","o__Selenomonadales","f__Veillonellaceae","g__Veillonella","s__Veillonella_unclassified",0.000740007951875962,122
"120",127,"ead914e9b262c53574361f10ded0ed72",11,0.021505819692909,0.353909465020576,"Microbial Taxa",3,"d__Bacteria","p__Firmicutes","c__Clostridia","o__Clostridiales","f__Ruminococcaceae","g__Ruminococcaceae_UCG-014","s__Ruminococcaceae_UCG-014_unclassified",0.000823573109448952,114
"121",128,"a2e1e76b5099e4a74e213dfe462c4e9d",17,0.0295625141974259,0.371757925072046,"Microbial Taxa",4,"d__Bacteria","p__Firmicutes","c__Bacilli","o__Bacillales","f__Family_XI","g__Gemella","s__Gemella_unclassified",0.000705011235757213,127
"122",129,"ec2e0316d85d0d4ad78c8279ca11bf7d",13,0.0189572912367806,0.364406779661017,"Microbial Taxa",1,"d__Bacteria","p__Firmicutes","c__Bacilli","o__Lactobacillales","f__Streptococcaceae","g__Streptococcus","s__uncultured_Streptococcus_sp.",0.000829289862430259,111
"123",130,"ad0140e97b44feba274a4dc4ac374781",8,0.00982357637463277,0.341721854304636,"Microbial Taxa",5,"d__Bacteria","p__Firmicutes","c__Negativicutes","o__Selenomonadales","f__Veillonellaceae","g__Dialister","s__Dialister_unclassified",0.000723045872598483,125
"124",131,"4d664dd39c76e5bc88dd72b34f9d78b6",4,0.00169767157456593,0.282275711159737,"Microbial Taxa",5,"d__Bacteria","p__Bacteroidetes","c__Bacteroidia","o__Bacteroidales","f__Prevotellaceae","g__Alloprevotella","s__Alloprevotella_tannerae",0.000505440779349216,150
"125",132,"3575b6a4369f4c62e6b0fe08b1ec2bc0",2,0.0004162698720518,0.281967213114754,"Microbial Taxa",4,"d__Bacteria","p__Bacteroidetes","c__Bacteroidia","o__Bacteroidales","f__Prevotellaceae","g__Alloprevotella","s__Alloprevotella_unclassified",0.000733820182839567,124
"126",133,"6a9a0b723fe1d33a64af096250ac6375",2,0.00086695839694039,0.26791277258567,"Microbial Taxa",1,"d__Bacteria","p__Firmicutes","c__Negativicutes","o__Selenomonadales","f__Veillonellaceae","g__Veillonella","s__Veillonella_unclassified",0.000761647232141529,120
"127",134,"10a3a23a1892a0368ad27196839e5016",14,0.0160613895691174,0.363380281690141,"Microbial Taxa",1,"d__Bacteria","p__Firmicutes","c__Bacilli","o__Lactobacillales","f__Streptococcaceae","g__Streptococcus","s__uncultured_Streptococcus_sp.",0.000709053297800292,126
"128",135,"14a819c0324b34ccd700e2332054e1ce",2,0,0.253438113948919,"Microbial Taxa",5,"d__Bacteria","p__Firmicutes","c__Negativicutes","o__Selenomonadales","f__Veillonellaceae","g__Veillonella","s__Veillonella_unclassified",0.000655791708861531,132
"129",136,"39db71e362ea010c66c9ccb0f8121d4b",8,0.00577388846342854,0.292185730464326,"Microbial Taxa",1,"d__Bacteria","p__Bacteroidetes","c__Bacteroidia","o__Bacteroidales","f__Prevotellaceae","g__Prevotella_7","s__Prevotella_7_unclassified",0.00076722875010461,119
"130",137,"b2942943435402615a1385be2297782c",12,0.0105859066606372,0.346774193548387,"Microbial Taxa",4,"d__Bacteria","p__Bacteroidetes","c__Bacteroidia","o__Flavobacteriales","f__Flavobacteriaceae","g__Capnocytophaga","s__Capnocytophaga_unclassified",0.000733939180929141,123
"131",138,"ae9d823a0b9158e89a49cd07439f7eb1",4,0.00043706116985308,0.326582278481013,"Microbial Taxa",2,"d__Bacteria","p__Patescibacteria","c__Saccharimonadia","o__Saccharimonadales","f__Saccharimonadaceae","g__Candidatus_Saccharimonas","s__Candidatus_Saccharimonas_unclassified",0.000628016704828958,133
"132",139,"790e2976126ea9bc68a8a243b130d4a2",7,0.00475181185024809,0.316953316953317,"Microbial Taxa",1,"d__Bacteria","p__Bacteroidetes","c__Bacteroidia","o__Bacteroidales","f__Prevotellaceae","g__Prevotella_7","s__Prevotella_7_unclassified",0.000618897494335944,134
"133",140,"d809e87b2673775a4fff4dcdf4606e85",8,0.0106110795913274,0.304245283018868,"Microbial Taxa",1,"d__Bacteria","p__Bacteroidetes","c__Bacteroidia","o__Bacteroidales","f__Prevotellaceae","g__Prevotella_7","s__Prevotella_7_unclassified",0.000675948828462127,129
"134",141,"a462cd3791fc2f43b3bc518d923dd029",9,0.00654577296245541,0.330345710627401,"Microbial Taxa",4,"d__Bacteria","p__Proteobacteria","c__Proteobacteria_unclassified","o__Proteobacteria_unclassified","f__Proteobacteria_unclassified","g__Proteobacteria_unclassified","s__Proteobacteria_unclassified",0.00055622014833579,142
"135",142,"5fcdbbab277c76041d2d72bd4a80c1d9",2,0.00097256668772145,0.273885350318471,"Microbial Taxa",4,"d__Bacteria","p__Bacteroidetes","c__Bacteroidia","o__Bacteroidales","f__Prevotellaceae","g__Prevotella_7","s__Prevotella_7_unclassified",0.000696911269184804,128
"136",143,"90254dab523c41930b2d1812de164ec8",12,0.0159819958699754,0.316564417177914,"Microbial Taxa",5,"d__Bacteria","p__Fusobacteria","c__Fusobacteriia","o__Fusobacteriales","f__Leptotrichiaceae","g__Leptotrichia","s__uncultured_Leptotrichia_sp.",0.0006022175690397,135
"137",144,"d08842fb3b52d4beb019634fb1b726d5",4,0.0043392538325907,0.299303944315545,"Microbial Taxa",2,"d__Bacteria","p__Actinobacteria","c__Actinobacteria","o__Actinomycetales","f__Actinomycetaceae","g__Actinomyces","s__uncultured_Actinomyces_sp.",0.000675779892898009,130
"138",145,"b375bb407f06c2df645619e90adeb076",7,0.00220035606591921,0.345381526104418,"Microbial Taxa",3,"d__Bacteria","p__Bacteroidetes","c__Bacteroidia","o__Flavobacteriales","f__Flavobacteriaceae","g__Capnocytophaga","s__Capnocytophaga_unclassified",0.000585393929733724,137
"139",146,"90dd09179ea2bd4ac9d735145db7ccc1",8,0.00328199753423229,0.347240915208614,"Microbial Taxa",4,"d__Bacteria","p__Bacteroidetes","c__Bacteroidia","o__Flavobacteriales","f__Flavobacteriaceae","g__Capnocytophaga","s__Capnocytophaga_unclassified",0.000581282178920537,138
"140",147,"232c4b181d4f0f6b35d3aab4a438a186",6,0.00420707211666565,0.284140969162996,"Microbial Taxa",1,"d__Bacteria","p__Bacteroidetes","c__Bacteroidia","o__Bacteroidales","f__Prevotellaceae","g__Prevotella_7","s__Prevotella_7_unclassified",0.000665653244053326,131
"141",149,"9f5b83fe6686da884ba633e5d0774da3",4,0.00923404605076379,0.287946428571429,"Microbial Taxa",4,"d__Bacteria","p__Proteobacteria","c__Gammaproteobacteria","o__Pasteurellales","f__Pasteurellaceae","g__Aggregatibacter","s__Aggregatibacter_unclassified",0.00049566115198402,151
"142",150,"ed4b3cb70ad482ea26d0f267cbae79b1",7,0.00220295232463581,0.29086809470124,"Microbial Taxa",5,"d__Bacteria","p__Actinobacteria","c__Actinobacteria","o__Actinomycetales","f__Actinomycetaceae","g__Actinomyces","s__Actinomyces_sp._CM83",0.000532901738986534,145
"143",151,"442f8ed0f1e01600a16e36786f739e67",14,0.0164850613188659,0.344459279038718,"Microbial Taxa",4,"d__Bacteria","p__Epsilonbacteraeota","c__Campylobacteria","o__Campylobacterales","f__Campylobacteraceae","g__Campylobacter","s__Campylobacter_unclassified",0.000540344995725912,143
"144",152,"85c4c13c0da29cb5ba7dbff2b5968608",10,0.00332966006636255,0.313868613138686,"Microbial Taxa",5,"d__Bacteria","p__Firmicutes","c__Clostridia","o__Clostridiales","f__Family_XI","g__Parvimonas","s__Parvimonas_unclassified",0.000398869942002474,165
"145",153,"952785a0ccc26580d5966be1b561cc8a",10,0.0110438378609757,0.332046332046332,"Microbial Taxa",1,"d__Bacteria","p__Bacteroidetes","c__Bacteroidia","o__Bacteroidales","f__Prevotellaceae","g__Prevotella_7","s__Prevotella_7_unclassified",0.000586841480418884,136
"146",154,"1dc053c4d452aeefa30f6fee3f4ff868",7,0.00148616381339127,0.316176470588235,"Microbial Taxa",3,"d__Bacteria","p__Actinobacteria","c__Actinobacteria","o__Actinomycetales","f__Actinomycetaceae","g__Actinomyces","s__uncultured_Actinomyces_sp.",0.000450517953627093,158
"147",155,"203ddb29626575aad73b4fbfe13e8ca9",10,0.0169727027376879,0.350067842605156,"Microbial Taxa",1,"d__Bacteria","p__Firmicutes","c__Negativicutes","o__Selenomonadales","f__Veillonellaceae","g__Veillonella","s__Veillonella_unclassified",0.000516557212001121,148
"148",156,"606a7ee2509e5c9a13ebdf94fc0e282e",2,0.0001476795767809,0.245014245014245,"Microbial Taxa",1,"d__Bacteria","p__Firmicutes","c__Negativicutes","o__Selenomonadales","f__Veillonellaceae","g__Veillonella","s__Veillonella_unclassified",0.00057208020735153,140
"149",157,"33bd1b208803442d89578d0217033e77",17,0.0179597087649736,0.364406779661017,"Microbial Taxa",3,"d__Bacteria","p__Fusobacteria","c__Fusobacteriia","o__Fusobacteriales","f__Leptotrichiaceae","g__Leptotrichia","s__Leptotrichia_sp._OTH_64",0.000534807120397149,144
"150",158,"7a479581fbd914407ce742e28ca0546f",11,0.0190567173073053,0.346308724832215,"Microbial Taxa",5,"d__Bacteria","p__Firmicutes","c__Bacilli","o__Lactobacillales","f__Lactobacillaceae","g__Lactobacillus","s__Lactobacillus_sp._T17/4F",0.000520900731364744,146
"151",159,"d8102c2c385988c3e996f99f94c21f8c",6,0.00525305268974483,0.29757785467128,"Microbial Taxa",1,"d__Bacteria","p__Bacteroidetes","c__Bacteroidia","o__Bacteroidales","f__Prevotellaceae","g__Prevotella_7","s__Prevotella_7_unclassified",0.000563781197247833,141
"152",160,"25479afc7469d8f5988b58121dfa900f",13,0.0181349113939246,0.344919786096257,"Microbial Taxa",2,"d__Bacteria","p__Firmicutes","c__Clostridia","o__Clostridiales","f__Lachnospiraceae","g__Oribacterium","s__Oribacterium_unclassified",0.000512136078291036,149
"153",161,"cee25e6a8da2c1dc599e73698085f395",2,0.00017163158878051,0.260343087790111,"Microbial Taxa",4,"d__Bacteria","p__Actinobacteria","c__Actinobacteria","o__Actinomycetales","f__Actinomycetaceae","g__Actinomyces","s__uncultured_Actinomyces_sp.",0.000580351217439545,139
"154",162,"713aa396fa79ea195328a198b9876bb6",7,0.0064258033323385,0.314634146341463,"Microbial Taxa",1,"d__Bacteria","p__Bacteroidetes","c__Bacteroidia","o__Bacteroidales","f__Prevotellaceae","g__Prevotella_7","s__Prevotella_7_unclassified",0.000473459081334773,154
"155",163,"d1815a067100dedf22112d2a2fdab704",8,0.00132044960436032,0.332474226804124,"Microbial Taxa",3,"d__Bacteria","p__Bacteroidetes","c__Bacteroidia","o__Bacteroidales","f__Prevotellaceae","g__Prevotella_2","s__Prevotella_2_unclassified",0.000461510150452812,157
"156",164,"5ddbe70ba9f2941ac487067dd2ba8b44",7,0.00279027427196626,0.339920948616601,"Microbial Taxa",3,"d__Bacteria","p__Firmicutes","c__Bacilli","o__Lactobacillales","f__Streptococcaceae","g__Streptococcus","s__Streptococcus_sp._I-G2",0.000476798800150734,153
"157",165,"bedcefccec5b6d3c5591b6f095061f4c",4,0.00032299042944445,0.311594202898551,"Microbial Taxa",3,"d__Bacteria","p__Actinobacteria","c__Actinobacteria","o__Actinomycetales","f__Actinomycetaceae","g__Actinomyces","s__uncultured_Actinomyces_sp.",0.000491665559347367,152
"158",166,"a2b59d8df57f626568b4f6a7df8e59ec",5,0.0006073852279326,0.257742257742258,"Microbial Taxa",1,"d__Bacteria","p__Bacteroidetes","c__Bacteroidia","o__Bacteroidales","f__Prevotellaceae","g__Prevotella_7","s__Prevotella_7_unclassified",0.000463998960081803,156
"159",167,"af1c9e100b97b354d7fc6d4684895a21",8,0.0045034651172709,0.318912237330037,"Microbial Taxa",1,"d__Bacteria","p__Firmicutes","c__Bacilli","o__Lactobacillales","f__Streptococcaceae","g__Streptococcus","s__uncultured_Streptococcus_sp.",0.000467385552919621,155
"160",168,"591ed1d6afd1e79ae33d6b6cd0c6b185",8,0.0156148709859897,0.276824034334764,"Microbial Taxa",7,"d__Bacteria","p__Proteobacteria","c__Gammaproteobacteria","o__Enterobacteriales","f__Enterobacteriaceae","g__Escherichia-Shigella","s__Escherichia-Shigella_unclassified",0.000390250850906272,166
"161",169,"01615ade77537e36579c7dac49eb4e0f",3,0.00148078119890844,0.298957126303592,"Microbial Taxa",1,"d__Bacteria","p__Firmicutes","c__Negativicutes","o__Selenomonadales","f__Veillonellaceae","g__Selenomonas_3","s__Selenomonas_3_unclassified",0.000431345826938242,160
"162",170,"0d2a0ee7654279b939574cd1036f4c6d",7,0.0122851433173789,0.332474226804124,"Microbial Taxa",2,"d__Bacteria","p__Patescibacteria","c__Saccharimonadia","o__Saccharimonadales","f__Saccharimonadaceae","g__Candidatus_Saccharimonas","s__Candidatus_Saccharimonas_unclassified",0.000441985332913471,159
"163",171,"3570b832b6ece5cd873d8c33be7d52bd",16,0.0202976243392539,0.358831710709319,"Microbial Taxa",5,"d__Bacteria","p__Fusobacteria","c__Fusobacteriia","o__Fusobacteriales","f__Leptotrichiaceae","g__Leptotrichia","s__uncultured_Leptotrichia_sp.",0.00040461106198947,164
"164",172,"613523fa0b30b675f218503d1c630157",13,0.0191199801656252,0.368571428571429,"Microbial Taxa",4,"d__Bacteria","p__Bacteroidetes","c__Bacteroidia","o__Flavobacteriales","f__Flavobacteriaceae","g__Capnocytophaga","s__Capnocytophaga_unclassified",0.000359255187300051,170
"165",173,"799689b29cfc44c274e289d52600989e",5,0.00110962756504904,0.286348501664817,"Microbial Taxa",5,"d__Bacteria","p__Bacteroidetes","c__Bacteroidia","o__Bacteroidales","f__Prevotellaceae","g__Prevotella","s__Prevotella_unclassified",0.000425655571036974,161
"166",174,"99b411a53ccea764f8f4c1686fc2dc83",15,0.0358102199500666,0.368571428571429,"Microbial Taxa",4,"d__Bacteria","p__Actinobacteria","c__Actinobacteria","o__Micrococcales","f__Micrococcaceae","g__Rothia","s__Rothia_aeria",0.000406860066064104,163
"167",175,"341499401c91b14f8780526a296d139e",4,0.00151695411930466,0.320496894409938,"Microbial Taxa",4,"d__Bacteria","p__Firmicutes","c__Negativicutes","o__Selenomonadales","f__Veillonellaceae","g__Megasphaera","s__Megasphaera_unclassified",0.000351376570926451,173
"168",176,"eb639a94c58a2a8453daa7bb1688541f",6,0.00615962433425621,0.330345710627401,"Microbial Taxa",4,"d__Bacteria","p__Bacteroidetes","c__Bacteroidia","o__Bacteroidales","f__Porphyromonadaceae","g__Porphyromonas","s__uncultured_Porphyromonas_sp.",0.000320021423746221,175
"169",177,"e3c9caeb168ca680a176bf8f4862d18a",1,0,0.279826464208243,"Microbial Taxa",2,"d__Bacteria","p__Patescibacteria","c__Saccharimonadia","o__Saccharimonadales","f__Saccharimonadales_unclassified","g__Saccharimonadales_unclassified","s__Saccharimonadales_unclassified",0.000355895686282582,172
"170",178,"66f8880a8a2830c710b656346fa4f4d2",10,0.00696894725281191,0.316953316953317,"Microbial Taxa",5,"d__Bacteria","p__Proteobacteria","c__Gammaproteobacteria","o__Betaproteobacteriales","f__Neisseriaceae","g__Kingella","s__Kingella_unclassified",0.000295450073470151,182
"171",179,"96864c1921771148ba76253b3f390c4a",4,0.00235741240076077,0.291525423728814,"Microbial Taxa",4,"d__Bacteria","p__Bacteroidetes","c__Bacteroidia","o__Flavobacteriales","f__Flavobacteriaceae","g__Capnocytophaga","s__Capnocytophaga_unclassified",0.000371182375847203,168
"172",180,"c63e3d55e0fa02a8e3e2ad2721943792",7,0.00397123929203224,0.298611111111111,"Microbial Taxa",5,"d__Bacteria","p__Fusobacteria","c__Fusobacteriia","o__Fusobacteriales","f__Fusobacteriaceae","g__Fusobacterium","s__uncultured_Fusobacterium_sp.",0.00037650001825111,167
"173",181,"d5f337a460a59f9e98b698515e2372d4",10,0.00817193250340512,0.344919786096257,"Microbial Taxa",2,"d__Bacteria","p__Firmicutes","c__Clostridia","o__Clostridiales","f__Lachnospiraceae","g__Oribacterium","s__uncultured_Oribacterium_sp.",0.000361002997650171,169
"174",182,"47a21fe064316c24a5518ebb6ad49a51",5,0.00283080725542663,0.293181818181818,"Microbial Taxa",5,"d__Bacteria","p__Fusobacteria","c__Fusobacteriia","o__Fusobacteriales","f__Fusobacteriaceae","g__Fusobacterium","s__Fusobacterium_unclassified",0.000356565299926791,171
"175",183,"deedd32e41fd44a021986d8379785168",5,0.00068921994108702,0.311970979443773,"Microbial Taxa",3,"d__Bacteria","p__Actinobacteria","c__Actinobacteria","o__Actinomycetales","f__Actinomycetaceae","g__Actinomyces","s__Actinomyces_sp._sp2-iso-aAG3x2",0.000308952957779148,179
"176",184,"c2a1a8c4c369b7c0f67ef62bbcfca491",1,0,0.265979381443299,"Microbial Taxa",3,"d__Bacteria","p__Firmicutes","c__Negativicutes","o__Selenomonadales","f__Veillonellaceae","g__Veillonella","s__Veillonella_unclassified",0.000319176336059369,177
"177",185,"03eddcd6fef09c0ad1b02e6e42feb73c",5,0.00083683725147876,0.29553264604811,"Microbial Taxa",4,"d__Bacteria","p__Firmicutes","c__Bacilli","o__Lactobacillales","f__Aerococcaceae","g__Abiotrophia","s__uncultured_Abiotrophia_sp.",0.000298647402862378,181
"178",186,"28824b91e7c31b30e79a3f5e23ed6994",7,0.0105256024319874,0.324120603015075,"Microbial Taxa",5,"d__Bacteria","p__Actinobacteria","c__Actinobacteria","o__Actinomycetales","f__Actinomycetaceae","g__Actinomyces","s__uncultured_Actinomyces_sp.",0.000324789781620043,174
"179",187,"ff6322434235018cbaf6c576c0f550f8",5,0.00168548751133049,0.309352517985612,"Microbial Taxa",4,"d__Bacteria","p__Actinobacteria","c__Actinobacteria","o__Actinomycetales","f__Actinomycetaceae","g__Actinomyces","s__uncultured_Actinomyces_sp.",0.000408446439286366,162
"180",188,"cd719e12ccc1db7e969dad391d6f8545",2,8.21432983385363e-05,0.29757785467128,"Microbial Taxa",4,"d__Bacteria","p__Bacteroidetes","c__Bacteroidia","o__Flavobacteriales","f__Flavobacteriaceae","g__Capnocytophaga","s__Capnocytophaga_unclassified",0.000271952299804932,185
"181",189,"11728a4ca15970e7fff42df24127efe7",8,0.00585900013913219,0.337254901960784,"Microbial Taxa",4,"d__Bacteria","p__Fusobacteria","c__Fusobacteriia","o__Fusobacteriales","f__Fusobacteriaceae","g__Fusobacterium","s__Fusobacterium_unclassified",0.0002814592921494,184
"182",190,"526b5195f756eb5bb468b5c890930124",3,0.00058213363649847,0.299651567944251,"Microbial Taxa",2,"d__Bacteria","p__Fusobacteria","c__Fusobacteriia","o__Fusobacteriales","f__Leptotrichiaceae","g__Leptotrichia","s__uncultured_Leptotrichia_sp.",0.000319303640074759,176
"183",191,"231c87560797de46eb3834c67724abaf",14,0.00790373741676583,0.356846473029046,"Microbial Taxa",3,"d__Bacteria","p__Firmicutes","c__Clostridia","o__Clostridiales","f__Peptococcaceae","g__Peptococcus","s__uncultured_Peptococcus_sp.",0.000265603945946921,187
"184",192,"0eb024eb1700b14ffb9a42caef59fa6d",6,0.00621716127225215,0.320099255583127,"Microbial Taxa",5,"d__Bacteria","p__Firmicutes","c__Bacilli","o__Lactobacillales","f__Streptococcaceae","g__Streptococcus","s__Streptococcus_constellatus",0.000295286700474186,183
"185",193,"a49093bd736e8d0d9705791ec215a986",5,0.00342217915455134,0.279826464208243,"Microbial Taxa",1,"d__Bacteria","p__Bacteroidetes","c__Bacteroidia","o__Bacteroidales","f__Prevotellaceae","g__Prevotella_7","s__Prevotella_7_unclassified",0.00031681751632356,178
"186",194,"3fb27bcbab0fee811a8ce5fad6e88e89",1,0,0.256716417910448,"Microbial Taxa",2,"d__Bacteria","p__Firmicutes","c__Clostridia","o__Clostridiales","f__Lachnospiraceae","g__Oribacterium","s__uncultured_Oribacterium_sp.",0.000262002789862544,189
"187",195,"194ea12aed8e5588380d687f245b4983",9,0.0141577519845297,0.323308270676692,"Microbial Taxa",1,"d__Bacteria","p__Firmicutes","c__Negativicutes","o__Selenomonadales","f__Veillonellaceae","g__Veillonella","s__Veillonella_unclassified",0.000266769439349035,186
"188",196,"b5ad19ed128ea523e025811bd7312504",7,0.00678159176520797,0.340819022457067,"Microbial Taxa",5,"d__Bacteria","p__Fusobacteria","c__Fusobacteriia","o__Fusobacteriales","f__Fusobacteriaceae","g__Fusobacterium","s__uncultured_Fusobacterium_sp.",0.00026384729085636,188
"189",197,"3445d43cd52ed690ae1fd6681e32ed9d",4,0.00080597741987926,0.25,"Microbial Taxa",1,"d__Bacteria","p__Bacteroidetes","c__Bacteroidia","o__Bacteroidales","f__Prevotellaceae","g__Prevotella_7","s__Prevotella_7_unclassified",0.000300280044135097,180
"190",198,"cfec875a97c330ce86668ce2719fac4b",2,0,0.278617710583153,"Microbial Taxa",4,"d__Bacteria","p__Proteobacteria","c__Gammaproteobacteria","o__Betaproteobacteriales","f__Burkholderiaceae","g__Lautropia","s__Lautropia_unclassified",0.000242369771692441,191
"191",199,"29cd25226d1212bca274c82d3a7dc4d9",3,0.00041561305317355,0.274176408076514,"Microbial Taxa",4,"d__Bacteria","p__Bacteroidetes","c__Bacteroidia","o__Bacteroidales","f__Prevotellaceae","g__Prevotella","s__uncultured_Prevotella_sp.",0.000233532579923962,194
"192",200,"6e87c19f1b2cf5d0693166131f6cb125",10,0.0149177687247233,0.336814621409922,"Microbial Taxa",2,"d__Bacteria","p__Firmicutes","c__Clostridia","o__Clostridiales","f__Lachnospiraceae","g__Lachnospiraceae_unclassified","s__Lachnospiraceae_unclassified",0.000256600857103891,190
"193",201,"389a5e274d5fd0ae2e7b3fea57205ae9",3,0.00089108741063852,0.24,"Microbial Taxa",1,"d__Bacteria","p__Bacteroidetes","c__Bacteroidia","o__Bacteroidales","f__Prevotellaceae","g__Prevotella_7","s__Prevotella_7_unclassified",0.000234287965878287,193
"194",202,"be5d86069f63cf095f5160794b3239b0",9,0.00553454608252166,0.335064935064935,"Microbial Taxa",5,"d__Bacteria","p__Fusobacteria","c__Fusobacteriia","o__Fusobacteriales","f__Leptotrichiaceae","g__Leptotrichia","s__uncultured_Leptotrichia_sp.",0.000194458349977699,203
"195",203,"2857fdc2f5a2660d096ae65b3929efa5",4,0.00384617584677666,0.305325443786982,"Microbial Taxa",4,"d__Bacteria","p__Bacteroidetes","c__Bacteroidia","o__Flavobacteriales","f__Flavobacteriaceae","g__Capnocytophaga","s__Capnocytophaga_unclassified",0.000197702043973123,199
"196",204,"2d04b03dd2efd558a1aa32cb240b9f66",2,0,0.215538847117794,"Microbial Taxa",5,"d__Bacteria","p__Proteobacteria","c__Gammaproteobacteria","o__Pasteurellales","f__Pasteurellaceae","g__Haemophilus","s__uncultured_Haemophilus_sp.",0.000235279983367503,192
"197",206,"6128800ae96989a17446726ab6982e4b",4,0.00084338647933799,0.275935828877005,"Microbial Taxa",2,"d__Bacteria","p__Firmicutes","c__Negativicutes","o__Selenomonadales","f__Veillonellaceae","g__Selenomonas_3","s__Selenomonas_3_unclassified",0.000218828071170114,196
"198",207,"59cc90e99bf5580d51f2c8e605cd6982",1,0,0.252199413489736,"Microbial Taxa",2,"d__Bacteria","p__Patescibacteria","c__Saccharimonadia","o__Saccharimonadales","f__Saccharimonadaceae","g__Candidatus_Saccharimonas","s__Candidatus_Saccharimonas_unclassified",0.000193322625804352,204
"199",208,"0fb003ddc15b2dbc58fdc3ca20ba7f18",4,0.00014475086451861,0.29553264604811,"Microbial Taxa",4,"d__Bacteria","p__Bacteroidetes","c__Bacteroidia","o__Flavobacteriales","f__Flavobacteriaceae","g__Capnocytophaga","s__Capnocytophaga_unclassified",0.000217663362045618,197
"200",209,"fa39e980ed9f6b6f5aa21fe5505391ad",6,0.00064505386057537,0.267080745341615,"Microbial Taxa",5,"d__Bacteria","p__Firmicutes","c__Clostridia","o__Clostridiales","f__Peptostreptococcaceae","g__Filifactor","s__uncultured_Filifactor_sp.",0.000197072576594445,200
"201",210,"fe9bbf6e2e4ff2eb7db1ac748d05af4a",7,0.00332578456343252,0.32741116751269,"Microbial Taxa",1,"d__Bacteria","p__Firmicutes","c__Bacilli","o__Lactobacillales","f__Streptococcaceae","g__Streptococcus","s__Streptococcus_unclassified",0.00018664470901578,206
"202",211,"f3017163a4efcd8a98efbcdeac72f5d6",5,0.00029907201151002,0.309723889555822,"Microbial Taxa",3,"d__Bacteria","p__Epsilonbacteraeota","c__Campylobacteria","o__Campylobacterales","f__Campylobacteraceae","g__Campylobacter","s__Campylobacter_unclassified",0.000223554797135015,195
"203",212,"bf0b35125fbb60d017c2a9f374777c16",5,0.0007372068614956,0.281967213114754,"Microbial Taxa",5,"d__Bacteria","p__Fusobacteria","c__Fusobacteriia","o__Fusobacteriales","f__Fusobacteriaceae","g__Fusobacterium","s__Fusobacterium_unclassified",0.000195630430166471,202
"204",213,"829c079b51ae4014f1e6ad295be7c3d0",4,0.00136355883413057,0.327827191867853,"Microbial Taxa",3,"d__Bacteria","p__Bacteroidetes","c__Bacteroidia","o__Bacteroidales","f__Prevotellaceae","g__Prevotella_7","s__Prevotella_7_unclassified",0.000207412792287206,198
"205",214,"bbd88e11fff3c142f9c38c66cc1e8a47",11,0.00606673781119121,0.33419689119171,"Microbial Taxa",5,"d__Bacteria","p__Firmicutes","c__Erysipelotrichia","o__Erysipelotrichales","f__Erysipelotrichaceae","g__Solobacterium","s__Solobacterium_moorei",0.000187432620891776,205
"206",215,"c3b2f7b2f81f8e1c3f26168bd52865ef",14,0.0179939431124494,0.352459016393443,"Microbial Taxa",1,"d__Bacteria","p__Firmicutes","c__Bacilli","o__Lactobacillales","f__Streptococcaceae","g__Streptococcus","s__uncultured_Streptococcus_sp.",0.000196748032042206,201
"207",216,"bce71cf56c53dd06383c00d57fb4bea1",6,0.00769211136626625,0.29553264604811,"Microbial Taxa",5,"d__Bacteria","p__Firmicutes","c__Bacilli","o__Lactobacillales","f__Lactobacillaceae","g__Lactobacillus","s__uncultured_Lactobacillus_sp.",0.000172247681145262,208
"208",217,"39afceb9b3a69428d9b836f6cdf37b41",5,0.00171640518661969,0.305325443786982,"Microbial Taxa",3,"d__Bacteria","p__Actinobacteria","c__Actinobacteria","o__Bifidobacteriales","f__Bifidobacteriaceae","g__Bifidobacterium","s__Bifidobacterium_longum",0.000153935780533086,210
"209",218,"8ca0f1209f8afa64241fe44460f78b90",8,0.00647528773316945,0.329501915708812,"Microbial Taxa",4,"d__Bacteria","p__Fusobacteria","c__Fusobacteriia","o__Fusobacteriales","f__Leptotrichiaceae","g__Leptotrichia","s__Leptotrichia_unclassified",0.00015916333286216,209
"210",219,"10ad1fff4332a0f979c90aabc7c625b5",13,0.0109000432174869,0.326996197718631,"Microbial Taxa",5,"d__Bacteria","p__Firmicutes","c__Negativicutes","o__Selenomonadales","f__Veillonellaceae","g__Dialister","s__Dialister_unclassified",0.000184709304623809,207
"211",220,"3ad79a953c044f35e83c9c1d1c1388ff",7,0.00593993608659508,0.323308270676692,"Microbial Taxa",4,"d__Bacteria","p__Fusobacteria","c__Fusobacteriia","o__Fusobacteriales","f__Leptotrichiaceae","g__Leptotrichia","s__uncultured_Leptotrichia_sp.",0.000142726811299745,212
"212",221,"1176d3a33a6a8d270e2e66515ec714c1",9,0.00319923139679422,0.316176470588235,"Microbial Taxa",5,"d__Bacteria","p__Epsilonbacteraeota","c__Campylobacteria","o__Campylobacterales","f__Campylobacteraceae","g__Campylobacter","s__Campylobacter_unclassified",0.000132569061630694,213
"213",223,"e88f240b23f0455003715a18cb18e83f",19,0.0228674758530177,0.339920948616601,"Microbial Taxa",5,"d__Bacteria","p__Bacteroidetes","c__Bacteroidia","o__Bacteroidales","f__Tannerellaceae","g__Tannerella","s__Tannerella_forsythia",0.000142868947538003,211
"214",225,"2457188c02b21b4e228c436873a15b5a",8,0.00353434632856521,0.251707317073171,"Microbial Taxa",7,"d__Bacteria","p__Firmicutes","c__Clostridia","o__Clostridiales","f__Lachnospiraceae","g__Blautia","s__Blautia_unclassified",0.000108643837386651,220
"215",226,"6d5b8fcf3f8b02d519d22d1dde308864",2,0,0.215538847117794,"Microbial Taxa",5,"d__Bacteria","p__Proteobacteria","c__Gammaproteobacteria","o__Pasteurellales","f__Pasteurellaceae","g__Haemophilus","s__Haemophilus_haemolyticus",0.000120500809276168,216
"216",227,"0f065fe134651d4767d6ba234023297f",8,0.00316920982425546,0.315403422982885,"Microbial Taxa",5,"d__Bacteria","p__Firmicutes","c__Negativicutes","o__Selenomonadales","f__Veillonellaceae","g__Anaeroglobus","s__Anaeroglobus_unclassified",0.000127880765876127,214
"217",228,"56f31fb6c553344ca8ae6289069b5c04",6,0.00164765395274504,0.27831715210356,"Microbial Taxa",5,"d__Bacteria","p__Spirochaetes","c__Spirochaetia","o__Spirochaetales","f__Spirochaetaceae","g__Treponema_2","s__Treponema_2_unclassified",0.000124666879406413,215
"218",229,"fe3d2bc6a096837aee5bbb2b5702cc3c",3,0.00050922701611287,0.264887063655031,"Microbial Taxa",4,"d__Bacteria","p__Fusobacteria","c__Fusobacteriia","o__Fusobacteriales","f__Leptotrichiaceae","g__Leptotrichia","s__Leptotrichia_hofstadii",0.000102399988943531,222
"219",230,"849dc01b6abfb247e86ec872da1110c7",8,0.00416572008559156,0.308982035928144,"Microbial Taxa",5,"d__Bacteria","p__Firmicutes","c__Clostridia","o__Clostridiales","f__Family_XIII","g__Eubacterium]_brachy_group","s__Eubacterium]_brachy_group_unclassified",0.000117699406401507,218
"220",231,"4184f0ad9703a19a9ede6ef03fc790a8",2,0.00104822455529695,0.24618320610687,"Microbial Taxa",1,"d__Bacteria","p__Bacteroidetes","c__Bacteroidia","o__Bacteroidales","f__Prevotellaceae","g__Alloprevotella","s__Alloprevotella_unclassified",0.000118819754210417,217
"221",232,"a3e5ed4f236ccc0603c2f0bb49cf6883",4,0.00074700363728759,0.242709313264346,"Microbial Taxa",7,"d__Bacteria","p__Actinobacteria","c__Actinobacteria","o__Bifidobacteriales","f__Bifidobacteriaceae","g__Bifidobacterium","s__Bifidobacterium_sp._126",9.08006406028921e-05,225
"222",233,"c8e7d5fe802f8928e7ee88332eb5cc48",10,0.00398676696495247,0.317733990147783,"Microbial Taxa",5,"d__Bacteria","p__Firmicutes","c__Bacilli","o__Lactobacillales","f__Streptococcaceae","g__Streptococcus","s__Streptococcus_constellatus",9.43568387443271e-05,224
"223",234,"2c4ae9bfeb0bf7ac94e398116ce904e5",9,0.00915532896069701,0.333333333333333,"Microbial Taxa",4,"d__Bacteria","p__Proteobacteria","c__Gammaproteobacteria","o__Pasteurellales","f__Pasteurellaceae","g__Haemophilus","s__Haemophilus_parainfluenzae",0.000103661017243623,221
"224",235,"ca0eb1b092edeff01cc3c9892bc63d42",6,0.0058160393344449,0.245948522402288,"Microbial Taxa",7,"d__Bacteria","p__Firmicutes","c__Clostridia","o__Clostridiales","f__Ruminococcaceae","g__Faecalibacterium","s__Faecalibacterium_unclassified",8.7392392475254e-05,227
"225",236,"d80aa06ab0d5080c492fee175b079c22",7,0.0133342677125419,0.324528301886792,"Microbial Taxa",5,"d__Bacteria","p__Firmicutes","c__Negativicutes","o__Selenomonadales","f__Veillonellaceae","g__Selenomonas","s__Selenomonas_unclassified",0.000115661329803139,219
"226",237,"9cd11dbdbec66be3ea780d34d0202989",10,0.00676952733527754,0.325757575757576,"Microbial Taxa",5,"d__Bacteria","p__Epsilonbacteraeota","c__Campylobacteria","o__Campylobacterales","f__Campylobacteraceae","g__Campylobacter","s__Campylobacter_unclassified",9.83761066539925e-05,223
"227",238,"ad68c9bcf7d7440cd14ff404c6aea1f4",4,0.00046451088531926,0.314250913520097,"Microbial Taxa",4,"d__Bacteria","p__Bacteroidetes","c__Bacteroidia","o__Bacteroidales","f__Tannerellaceae","g__Tannerella","s__uncultured_Tannerella_sp.",8.75131689787972e-05,226
"228",239,"b93a610c55e4194d49896d670a96cfdb",6,0.00483312384035403,0.314250913520097,"Microbial Taxa",4,"d__Bacteria","p__Proteobacteria","c__Gammaproteobacteria","o__Betaproteobacteriales","f__Neisseriaceae","g__Eikenella","s__Eikenella_unclassified",8.45133623116097e-05,229
"229",240,"524a17d42fa73d8f179557958a30fab5",8,0.00410328425040727,0.329501915708812,"Microbial Taxa",3,"d__Bacteria","p__Actinobacteria","c__Coriobacteriia","o__Coriobacteriales","f__Eggerthellaceae","g__Cryptobacterium","s__Cryptobacterium_unclassified",7.89871769611171e-05,232
"230",241,"e4e8386dcd0d9f9ea7340c973c0deda8",12,0.010075831262133,0.32741116751269,"Microbial Taxa",5,"d__Bacteria","p__Actinobacteria","c__Actinobacteria","o__Bifidobacteriales","f__Bifidobacteriaceae","g__Scardovia","s__Scardovia_wiggsiae",8.51925678569681e-05,228
"231",242,"658f8e759ac7c72aa33a047b2ea59e41",5,0.00093359996476898,0.242709313264346,"Microbial Taxa",7,"d__Bacteria","p__Firmicutes","c__Clostridia","o__Clostridiales","f__Lachnospiraceae","g__Agathobacter","s__Agathobacter_unclassified",5.97758462292142e-05,239
"232",243,"021e0c22e9939841b74bbf401204ea0f",7,0.0124607161834203,0.319702602230483,"Microbial Taxa",1,"d__Bacteria","p__Bacteroidetes","c__Bacteroidetes_unclassified","o__Bacteroidetes_unclassified","f__Bacteroidetes_unclassified","g__Bacteroidetes_unclassified","s__Bacteroidetes_unclassified",7.98576278945647e-05,230
"233",244,"4d09778075c80bdf862fc8eb4bb9dc6a",7,0.00704706404083079,0.317343173431734,"Microbial Taxa",5,"d__Bacteria","p__Firmicutes","c__Negativicutes","o__Selenomonadales","f__Veillonellaceae","g__Selenomonas","s__Selenomonas_unclassified",7.91334006148994e-05,231
"234",245,"b2dc50a2d749f75db4450f3e5471af1e",7,0.00683442159155669,0.32089552238806,"Microbial Taxa",4,"d__Bacteria","p__Proteobacteria","c__Gammaproteobacteria","o__Cardiobacteriales","f__Cardiobacteriaceae","g__Cardiobacterium","s__Cardiobacterium_hominis",6.94019957231663e-05,235
"235",246,"6ccd9cd46cc4309ecc7da6ed943250ef",9,0.00365450363342534,0.322903629536921,"Microbial Taxa",4,"d__Bacteria","p__Bacteroidetes","c__Bacteroidia","o__Bacteroidales","f__Paludibacteraceae","g__F0058","s__F0058_unclassified",7.321851381808e-05,233
"236",247,"c3282b97a0aaf1a99a59038a752d363b",7,0.00272375417960882,0.312348668280872,"Microbial Taxa",3,"d__Bacteria","p__Firmicutes","c__Clostridia","o__Clostridiales","f__Peptostreptococcaceae","g__Peptostreptococcus","s__uncultured_Peptostreptococcus_sp.",7.03171538438983e-05,234
"237",248,"a41b72842290a9e865efc83d63ad2818",11,0.00959722347658329,0.344,"Microbial Taxa",5,"d__Bacteria","p__Firmicutes","c__Bacilli","o__Lactobacillales","f__Streptococcaceae","g__Streptococcus","s__Streptococcus_thermophilus",6.64038750961337e-05,236
"238",249,"ae7d8efb06e9c0ad71820823c3089849",5,0.00096648131347852,0.242253521126761,"Microbial Taxa",7,"d__Bacteria","p__Actinobacteria","c__Actinobacteria","o__Bifidobacteriales","f__Bifidobacteriaceae","g__Bifidobacterium","s__Bifidobacterium_longum",5.52644764128512e-05,241
"239",250,"ae92751ce0103cf1fe77dd7f219da00c",6,0.0022558700888378,0.248076923076923,"Microbial Taxa",7,"d__Bacteria","p__Firmicutes","c__Clostridia","o__Clostridiales","f__Peptostreptococcaceae","g__Romboutsia","s__Romboutsia_unclassified",6.12548402518534e-05,238
"240",251,"22632c954ef155ebb0c3d54d46fac742",7,0.0146693855191769,0.281352235550709,"Microbial Taxa",7,"d__Bacteria","p__Actinobacteria","c__Coriobacteriia","o__Coriobacteriales","f__Coriobacteriaceae","g__Collinsella","s__Collinsella_unclassified",5.50817906469828e-05,242
"241",252,"9990f6b6afa00f3fd8a3be5b9bfdd594",6,0.0046622110145782,0.309352517985612,"Microbial Taxa",5,"d__Bacteria","p__Actinobacteria","c__Actinobacteria","o__Actinomycetales","f__Actinomycetaceae","g__F0332","s__F0332_unclassified",6.44617223397469e-05,237
"242",253,"2257d58ebb22a4168da71744993d1ce9",5,0.00156670996013274,0.230769230769231,"Microbial Taxa",7,"d__Bacteria","p__Actinobacteria","c__Actinobacteria","o__Bifidobacteriales","f__Bifidobacteriaceae","g__Bifidobacterium","s__Bifidobacterium_adolescentis",5.48670220443803e-05,243
"243",254,"924b48cf897bb4394fda7e027a079c54",4,0.0002125456527328,0.211475409836066,"Microbial Taxa",7,"d__Bacteria","p__Firmicutes","c__Erysipelotrichia","o__Erysipelotrichales","f__Erysipelotrichaceae","g__Erysipelotrichaceae_UCG-003","s__Erysipelotrichaceae_UCG-003_unclassified",5.52714554914304e-05,240
"244",255,"c5d66b73d147dd06735e6c1ea90b917a",14,0.0107904408478663,0.35054347826087,"Microbial Taxa",3,"d__Bacteria","p__Actinobacteria","c__Actinobacteria","o__Bifidobacteriales","f__Bifidobacteriaceae","g__Alloscardovia","s__Alloscardovia_unclassified",5.23113578251032e-05,244
"245",256,"d7b30508190defbe893f5d4a55402849",5,0.0035962970735543,0.288268156424581,"Microbial Taxa",1,"d__Bacteria","p__Firmicutes","c__Bacilli","o__Lactobacillales","f__Streptococcaceae","g__Streptococcus","s__Streptococcus_mitis",5.00492854083182e-05,246
"246",257,"148f63b90c422d5ae5651daa00e85ccf",10,0.00379169533039927,0.329501915708812,"Microbial Taxa",3,"d__Bacteria","p__Spirochaetes","c__Spirochaetia","o__Spirochaetales","f__Spirochaetaceae","g__Treponema_2","s__Treponema_2_unclassified",5.17939778502956e-05,245
"247",258,"d7463dce1ab4db9cf8f134047723bc85",6,0.00334894272961921,0.246418338108883,"Microbial Taxa",7,"d__Bacteria","p__Firmicutes","c__Clostridia","o__Clostridiales","f__Lachnospiraceae","g__Ruminococcus]_gnavus_group","s__Ruminococcus]_gnavus_group_unclassified",4.13332874552456e-05,247
"248",259,"4b38473099dc5f18b73be535e282921a",4,0.00201902217848714,0.274468085106383,"Microbial Taxa",1,"d__Bacteria","p__Firmicutes","c__Bacilli","o__Lactobacillales","f__Lactobacillaceae","g__Lactobacillus","s__Lactobacillus_unclassified",3.12355298168187e-05,252
"249",260,"d19ab2da6d1911ba05ed76a5c6860a09",14,0.0146009477663348,0.342175066312997,"Microbial Taxa",5,"d__Bacteria","p__Firmicutes","c__Clostridia","o__Clostridiales","f__Lachnospiraceae","g__Oribacterium","s__uncultured_Oribacterium_sp.",3.53863217972297e-05,249
"250",261,"7fd3420fd3b2570ca11ba7ef289f3941",10,0.0195872783876143,0.340369393139842,"Microbial Taxa",5,"d__Bacteria","p__Bacteroidetes","c__Bacteroidia","o__Bacteroidales","f__Prevotellaceae","g__Prevotella","s__uncultured_Prevotella_sp.",3.84408062803364e-05,248
"251",262,"0ea4f8f318c2e76d98c05182c60df829",7,0.00162987009949793,0.289887640449438,"Microbial Taxa",5,"d__Bacteria","p__Actinobacteria","c__Actinobacteria","o__Actinomycetales","f__Actinomycetaceae","g__F0332","s__F0332_unclassified",3.04615054504004e-05,253
"252",263,"30741c055202bb794d3a1e6cebad074d",3,0.00338685947425236,0.264887063655031,"Microbial Taxa",2,"d__Bacteria","p__Firmicutes","c__Clostridia","o__Clostridiales","f__Family_XIII","g__Mogibacterium","s__Mogibacterium_unclassified",3.18992538245737e-05,251
"253",264,"593922732ae599553b9364f3d214070c",2,0.00045391260499286,0.262996941896024,"Microbial Taxa",2,"d__Bacteria","p__Proteobacteria","c__Gammaproteobacteria","o__Betaproteobacteriales","f__Burkholderiaceae","g__Curvibacter","s__Curvibacter_unclassified",3.41868941409714e-05,250
"254",265,"46607f7aede9c897a3237799bc8939a5",6,0.0140429074751248,0.292517006802721,"Microbial Taxa",7,"d__Bacteria","p__Firmicutes","c__Clostridia","o__Clostridiales","f__Ruminococcaceae","g__Subdoligranulum","s__Subdoligranulum_unclassified",2.04170855029707e-05,254
"255",266,"76e72d858816572f535b6f50a10f4073",7,0.0158756279716259,0.287305122494432,"Microbial Taxa",7,"d__Bacteria","p__Firmicutes","c__Clostridia","o__Clostridiales","f__Ruminococcaceae","g__Subdoligranulum","s__Subdoligranulum_unclassified",1.75635622228769e-05,255
"256",267,"9e20a235c547acc52759d1b7c6e32662",4,0.00309117148320753,0.291525423728814,"Microbial Taxa",2,"d__Bacteria","p__Proteobacteria","c__Deltaproteobacteria","o__Desulfovibrionales","f__Desulfovibrionaceae","g__Bilophila","s__uncultured_Bilophila_sp.",1.56890457606926e-05,256
"257",288,NA,1,0,0.245247148288973,"CpG Site",5,NA,NA,NA,NA,NA,NA,NA,NA,NA
"258",301,NA,2,0.00091522076314407,0.308243727598566,"CpG Site",5,NA,NA,NA,NA,NA,NA,NA,NA,NA
"259",315,NA,1,0,0.269592476489028,"CpG Site",4,NA,NA,NA,NA,NA,NA,NA,NA,NA
"260",337,NA,1,0,0.233484162895928,"CpG Site",1,NA,NA,NA,NA,NA,NA,NA,NA,NA
"261",342,NA,2,0,0.269874476987448,"CpG Site",4,NA,NA,NA,NA,NA,NA,NA,NA,NA
